ticker,date,open,high,low,close,volume,volume_pln
DNP.WA,2024-03-21,410,415.5,402.4,415,374527,155428705
DNP.WA,2024-03-22,385.9,392,366,369.8,1486592,549741721.6
DNP.WA,2024-03-25,371,377.7,367.1,369.9,535100,197933490
DNP.WA,2024-03-26,371.3,373.4,361.2,371.8,420280,156260104
DNP.WA,2024-03-27,376.9,379,372.9,377.5,373594,141031735
DNP.WA,2024-03-28,379.1,389.4,377.4,387.7,366755,142190913.5
DNP.WA,2024-04-02,388,393.9,381.3,389.1,366343,142544061.3
DNP.WA,2024-04-03,387.8,388.3,370,370.7,399564,148118374.8
DNP.WA,2024-04-04,371.6,376.9,366,375.5,413723,155352986.5
DNP.WA,2024-04-05,374.8,374.8,367.7,369.7,318837,117874038.9
DNP.WA,2024-04-08,369.7,374.4,366.7,369.8,279002,103174939.6
DNP.WA,2024-04-09,371,372.7,364.3,365,305579,111536335
DNP.WA,2024-04-10,367.3,375.1,364.1,369.8,299855,110886379
DNP.WA,2024-04-11,370.3,377.4,370.2,375,237331,88999125
DNP.WA,2024-04-12,375.8,379.5,363.9,365.6,212290,77613224
DNP.WA,2024-04-15,365.6,370,364.2,366,103390,37840740
DNP.WA,2024-04-16,365,367.8,361.5,365.8,166697,60977762.6
DNP.WA,2024-04-17,366,366.9,356.5,358,296890,106286620
DNP.WA,2024-04-18,358,361.5,355,360.3,283343,102088482.9
DNP.WA,2024-04-19,357.7,368,356.4,368,198209,72940912
DNP.WA,2024-04-22,370,375.9,367.1,375.3,174763,65588553.9
DNP.WA,2024-04-23,376,388,372.2,384.5,409445,157431602.5
DNP.WA,2024-04-24,385.9,392.6,380,382.2,444891,170037340.2
DNP.WA,2024-04-25,379.2,384.5,364,366.1,379592,138968631.2
DNP.WA,2024-04-26,373.1,392.2,372.8,385.1,686665,264434691.5
DNP.WA,2024-04-29,385,390.9,382.2,389.2,307438,119654869.6
DNP.WA,2024-04-30,391.8,392.6,385.9,389.9,272570,106275043
DNP.WA,2024-05-02,390.8,391.5,384.4,386.7,318655,123223888.5
DNP.WA,2024-05-06,386.7,398,384,396.1,253569,100438680.9
DNP.WA,2024-05-07,398,403.9,391.4,396.4,370858,147008111.2
DNP.WA,2024-05-08,397,403.9,396.6,399.3,446438,178262693.4
DNP.WA,2024-05-09,399,401.2,391.4,396,455816,180503136
DNP.WA,2024-05-10,390,395.5,378.4,391.7,478331,187362252.7
DNP.WA,2024-05-13,388.6,391.5,385,390,338884,132164760
DNP.WA,2024-05-14,391.5,394.2,384.7,387.8,281796,109280488.8
DNP.WA,2024-05-15,387.6,395.8,383.6,394,181265,71418410
DNP.WA,2024-05-16,398,407.9,394.1,406.6,252277,102575828.2
DNP.WA,2024-05-17,406.6,409.9,402.9,406.3,165300,67161390
DNP.WA,2024-05-20,407.5,412,406.6,410.2,107542,44113728.4
DNP.WA,2024-05-21,408.5,411.9,404,407.8,141399,57662512.2
DNP.WA,2024-05-22,407.1,410.2,402.1,406.6,157988,64237920.8
DNP.WA,2024-05-23,406,414,404,408.9,120071,49097031.9
DNP.WA,2024-05-24,404.3,409.3,404,407,159804,65040228
DNP.WA,2024-05-27,407,409.4,398.3,400.3,90992,36424097.6
DNP.WA,2024-05-28,400.3,403.5,395.6,396.2,122282,48448128.4
DNP.WA,2024-05-29,395,397.8,388.3,392.1,149916,58782063.6
DNP.WA,2024-05-31,392.5,400.4,388.2,392.1,503804,197541548.4
DNP.WA,2024-06-03,395.6,402.6,395.1,396.6,97882,38820001.2
DNP.WA,2024-06-04,397.6,400.3,391,391.5,165463,64778764.5
DNP.WA,2024-06-05,391.3,392.7,383.5,388.3,211773,82231455.9
DNP.WA,2024-06-06,390,394.8,387.9,390.8,110079,43018873.2
DNP.WA,2024-06-07,393.7,395.8,386,387.4,119340,46232316
DNP.WA,2024-06-10,387.4,396.2,386.9,396,181653,71934588
DNP.WA,2024-06-11,396,396.9,385.7,389.5,117798,45882321
DNP.WA,2024-06-12,388.5,394.1,381.7,391.9,328036,128557308.4
DNP.WA,2024-06-13,391.8,396.4,387,392.7,277041,108794000.7
DNP.WA,2024-06-14,392.7,399.1,389.6,398.1,193037,76848029.7
DNP.WA,2024-06-17,398.7,408.7,396.9,406.1,147677,59971629.7
DNP.WA,2024-06-18,406.4,410,399.6,399.6,130434,52121426.4
DNP.WA,2024-06-19,400,405.2,399.6,402.1,72978,29344453.8
DNP.WA,2024-06-20,403.4,408.8,400.5,406.8,127374,51815743.2
DNP.WA,2024-06-21,407.8,417.2,406.4,412.4,406604,167683489.6
DNP.WA,2024-06-24,412.4,416.9,409.7,414.3,229232,94970817.6
DNP.WA,2024-06-25,414.1,417.9,409.6,416.1,186544,77620958.4
DNP.WA,2024-06-26,415,420.8,415,416.3,196812,81932835.6
DNP.WA,2024-06-27,407.1,416,401.6,401.6,261301,104938481.6
DNP.WA,2024-06-28,408.7,412.5,402,406.2,205479,83465569.8
DNP.WA,2024-07-01,406.6,409.3,395.5,398.2,234076,93209063.2
DNP.WA,2024-07-02,398.2,399.9,392.5,393.5,126317,49705739.5
DNP.WA,2024-07-03,393.5,401.2,393.5,396.7,81585,32364769.5
DNP.WA,2024-07-04,396,399.2,391.4,392,89444,35062048
DNP.WA,2024-07-05,391.8,396.4,381.3,385,154142,59344670
DNP.WA,2024-07-08,386,390.5,386,387.8,125058,48497492.4
DNP.WA,2024-07-09,389.5,391,386.4,388.5,126162,49013937
DNP.WA,2024-07-10,391.7,397.7,388.5,393.5,277314,109123059
DNP.WA,2024-07-11,392,401.9,391.9,399.5,132560,52957720
DNP.WA,2024-07-12,400,409.4,400,404,127173,51377892
DNP.WA,2024-07-15,405.1,407.9,403,407.5,103793,42295647.5
DNP.WA,2024-07-16,407.5,408.3,395,395.1,134639,53195868.9
DNP.WA,2024-07-17,398.1,404,387.2,396.9,151575,60160117.5
DNP.WA,2024-07-18,396.9,408,392.3,407.3,140199,57103052.7
DNP.WA,2024-07-19,407.3,407.3,399.8,402.8,95786,38582600.8
DNP.WA,2024-07-22,406.6,409.8,397.7,398.3,119079,47429165.7
DNP.WA,2024-07-23,398,398.4,387.7,387.7,116345,45106956.5
DNP.WA,2024-07-24,388.5,390,384,386.9,166653,64478045.7
DNP.WA,2024-07-25,360,360.8,330.2,351.4,1463803,514380374.2
DNP.WA,2024-07-26,353.7,358,336.9,343.9,687225,236336677.5
DNP.WA,2024-07-29,343.9,349.2,339.7,346.5,254030,88021395
DNP.WA,2024-07-30,346.5,348.9,337,338.6,197600,66907360.0
DNP.WA,2024-07-31,340,352,335.8,352,276475,97319200
DNP.WA,2024-08-01,349.8,353.5,342.3,344.4,142708,49148635.2
DNP.WA,2024-08-02,343.7,344.1,338.5,340.9,161078,54911490.2
DNP.WA,2024-08-05,334,336.5,323.2,329.6,348317,114805283.2
DNP.WA,2024-08-06,330,335.7,328,330.9,203939,67483415.1
DNP.WA,2024-08-07,333.7,337.7,332.7,337.1,147418,49694607.8
DNP.WA,2024-08-08,334.3,343.9,332.5,343.1,150188,51529502.8
DNP.WA,2024-08-09,346.7,347,330.4,332.7,171824,57165844.8
DNP.WA,2024-08-12,335,343.5,332.9,343.1,153190,52559489
DNP.WA,2024-08-13,345,347.9,339.8,342.2,115521,39531286.2
DNP.WA,2024-08-14,344.3,346.6,341.7,342.8,146584,50248995.2
DNP.WA,2024-08-16,347,351,343.5,345.7,177276,61284313.2
DNP.WA,2024-08-19,347.2,349.5,343,345.2,163069,56291418.8
DNP.WA,2024-08-20,346,347,340.6,340.6,156060,53154036
DNP.WA,2024-08-21,341,342,336.4,340,504399,171495660
DNP.WA,2024-08-22,343,347.4,339.3,346.5,214828,74437902
DNP.WA,2024-08-23,305.1,321,296.8,312.5,1730171,540678437.5
DNP.WA,2024-08-26,314,320.2,311.2,318.7,291878,93021518.6
DNP.WA,2024-08-27,320,330.5,316.5,330,165404,54583320
DNP.WA,2024-08-28,331,332.8,321.7,326.9,112446,36758597.4
DNP.WA,2024-08-29,326.7,329,319.2,324.5,176319,57215515.5
DNP.WA,2024-08-30,325,327.8,321.9,322.5,381091,122901847.5
DNP.WA,2024-09-02,322.5,325.9,315.9,322.5,207369,66876502.5
DNP.WA,2024-09-03,319.6,322.5,315.1,316.7,280430,88812181
DNP.WA,2024-09-04,315,316,309.1,314,246758,77482012
DNP.WA,2024-09-05,314,316.5,306.9,308.5,202248,62393508
DNP.WA,2024-09-06,308.5,315.7,306,308.4,372295,114815778.0
DNP.WA,2024-09-09,311.5,312.6,306,311.3,159295,49588533.5
DNP.WA,2024-09-10,312.4,318.6,311,313.7,220016,69019019.2
DNP.WA,2024-09-11,313.7,317.3,310.5,310.9,196913,61220251.7
DNP.WA,2024-09-12,313.2,315,305.8,305.8,235558,72033636.4
DNP.WA,2024-09-13,305.1,310.8,299,309,191743,59248587
DNP.WA,2024-09-16,309,310,302.3,303.3,160186,48584413.8
DNP.WA,2024-09-17,304.1,315.4,304.1,315,370799,116801685
DNP.WA,2024-09-18,315,317,308.9,312.3,455115,142132414.5
DNP.WA,2024-09-19,318,333.2,317.7,332.1,735027,244102466.7
DNP.WA,2024-09-20,332.2,334.3,313,315.3,1008996,318136438.8
DNP.WA,2024-09-23,317.9,332.8,314.5,328.7,588247,193356788.9
DNP.WA,2024-09-24,332.3,341.3,328.7,338,393478,132995564
DNP.WA,2024-09-25,342,355.5,340.4,355,508830,180634650
DNP.WA,2024-09-26,356,362.7,353.4,360,463440,166838400
DNP.WA,2024-09-27,363,365.7,359.2,359.9,432635,155705336.5
DNP.WA,2024-09-30,363,367.9,348.4,350.7,273182,95804927.4
DNP.WA,2024-10-01,350,350,341.1,342,274783,93975786
DNP.WA,2024-10-02,340,347.7,336.3,341.6,152999,52264458.4
DNP.WA,2024-10-03,342.4,344,336.2,338.2,299091,101152576.2
DNP.WA,2024-10-04,341.9,344,335.8,340,316661,107664740
DNP.WA,2024-10-07,340,362.4,340,359.9,698830,251508917.0
DNP.WA,2024-10-08,359,364.6,356.2,357,702074,250640418
DNP.WA,2024-10-09,357,364.3,354.6,356.1,235618,83903569.8
DNP.WA,2024-10-10,355.9,361.4,349.1,356.8,321872,114843929.6
DNP.WA,2024-10-11,360,360.8,349.6,349.6,276226,96568609.6
DNP.WA,2024-10-14,349.8,355.7,344.3,350.4,470064,164710425.6
DNP.WA,2024-10-15,354,357.7,342,344,277151,95339944
DNP.WA,2024-10-16,344.5,349.6,340.2,345.9,549174,189959286.6
DNP.WA,2024-10-17,345.2,346.5,331.4,332.9,303449,101018172.1
DNP.WA,2024-10-18,337,337,332.3,333.9,192815,64380928.5
DNP.WA,2024-10-21,334,339.7,330.1,333.7,175294,58495607.8
DNP.WA,2024-10-22,333.5,335.5,330.1,332.3,411180,136635114
DNP.WA,2024-10-23,330,334.6,325.3,330.1,272837,90063493.7
DNP.WA,2024-10-24,330,336.6,323.5,323.5,425513,137653455.5
DNP.WA,2024-10-25,323,325.4,319.3,322.3,188759,60837025.7
DNP.WA,2024-10-28,324.9,332.7,322.7,332.7,173411,57693839.7
DNP.WA,2024-10-29,332.7,336.2,330.1,335,175206,58694010
DNP.WA,2024-10-30,333.7,334.2,323.3,325.9,246441,80315121.9
DNP.WA,2024-10-31,325.5,347.1,325.5,331.7,555315,184197985.5
DNP.WA,2024-11-04,335.7,346.2,328.6,343.9,274153,94281216.7
DNP.WA,2024-11-05,345,345.8,336.2,338.9,259596,87977084.4
DNP.WA,2024-11-06,339,347.6,338.9,344,231242,79547248
DNP.WA,2024-11-07,342,349.8,342,345,163524,56415780
DNP.WA,2024-11-08,365,398.2,365,394,1015304,400029776
DNP.WA,2024-11-12,394,415,387.8,404.4,654612,264725092.8
DNP.WA,2024-11-13,406,407.4,390.5,393.2,470956,185179899.2
DNP.WA,2024-11-14,393,401.5,387.4,399.5,399224,159489988
DNP.WA,2024-11-15,399.3,401.7,388.5,389.2,433983,168906183.6
DNP.WA,2024-11-18,391,395.6,386.5,390.4,122116,47674086.4
DNP.WA,2024-11-19,390.4,392.7,381.2,383.8,413981,158885907.8
DNP.WA,2024-11-20,390.1,398.7,386.2,392.7,205465,80686105.5
DNP.WA,2024-11-21,388.9,399.9,388.9,397.5,213331,84799072.5
DNP.WA,2024-11-22,397.5,400.5,393.2,396.3,248863,98624406.9
DNP.WA,2024-11-25,400,401.7,391.3,391.3,403219,157779594.7
DNP.WA,2024-11-26,391.3,405.4,390.1,397.1,150436,59738135.6
DNP.WA,2024-11-27,396.4,399.3,390.3,393,117978,46365354
DNP.WA,2024-11-28,392.5,395,383.5,387,85427,33060249
DNP.WA,2024-11-29,386,392.7,385,385.9,152801,58965905.9
DNP.WA,2024-12-02,388.9,393.8,386.7,391.2,141050,55178760
DNP.WA,2024-12-03,391.2,401.5,390.9,394.1,140609,55414006.9
DNP.WA,2024-12-04,395.1,402.7,393.3,398.8,152033,60630760.4
DNP.WA,2024-12-05,398.9,412.9,398.8,412,216031,89004772
DNP.WA,2024-12-06,411.1,413.6,405,407.7,171014,69722407.8
DNP.WA,2024-12-09,409.4,411.8,405.5,405.5,138116,56006038
DNP.WA,2024-12-10,401.4,409,400.3,405.7,156599,63532214.3
DNP.WA,2024-12-11,410.3,413,405,412.3,181297,74748753.1
DNP.WA,2024-12-12,412,415,405.9,408.8,181812,74324745.6
DNP.WA,2024-12-13,409.9,411.5,404.4,404.4,169937,68722522.8
DNP.WA,2024-12-16,402.7,405,398,402.3,132210,53188083
DNP.WA,2024-12-17,402.2,403.5,400,402,156980,63105960
DNP.WA,2024-12-18,402,408.7,398.7,400,108081,43232400
DNP.WA,2024-12-19,400.5,401.5,395.9,398.2,146225,58226795
DNP.WA,2024-12-20,398.4,400,387.6,395.6,229825,90918770
DNP.WA,2024-12-23,394.3,398,391.6,392.9,81357,31965165.3
DNP.WA,2024-12-27,392.9,397.8,385,394.9,80333,31723501.7
DNP.WA,2024-12-30,395,399.2,389.4,389.8,86445,33696261
DNP.WA,2025-01-02,391.5,402.6,391,401.1,153428,61539970.8
DNP.WA,2025-01-03,400.9,406.3,397.2,403,98572,39724516
DNP.WA,2025-01-07,405,408.1,397,397,175920,69840240
DNP.WA,2025-01-08,397,397,389,391.4,245214,95976759.6
DNP.WA,2025-01-09,390,404.7,388.1,403,239856,96661968
DNP.WA,2025-01-10,403,407.8,400.1,407,134449,54720743
DNP.WA,2025-01-13,406.3,406.3,397.5,397.5,222700,88523250
DNP.WA,2025-01-14,397,411.7,390.8,410,247291,101389310
DNP.WA,2025-01-15,410.5,442,410,433.6,745525,323259640
DNP.WA,2025-01-16,433.6,437.9,431.4,435.4,210231,91534577.4
DNP.WA,2025-01-17,435.4,441.8,429.8,435.8,238281,103842859.8
DNP.WA,2025-01-20,432.5,441.4,432.4,441.1,99889,44061037.9
DNP.WA,2025-01-21,440,440,434,438,158764,69538632
DNP.WA,2025-01-22,439,451.7,438,447.9,168835,75621196.5
DNP.WA,2025-01-23,448.3,453.5,445.3,451,284280,128210280
DNP.WA,2025-01-24,450.5,451.7,442,448,339806,152233088
DNP.WA,2025-01-27,441.2,456,441.1,455.1,209561,95371211.1
DNP.WA,2025-01-28,455,468.1,453.8,465.7,345821,161048839.7
DNP.WA,2025-01-29,465,467.7,457.5,457.5,1078728,493518060
DNP.WA,2025-01-30,456,458,439.1,446,530992,236822432
DNP.WA,2025-01-31,446,454,445.7,450.3,260894,117480568.2
DNP.WA,2025-02-03,438.3,449.9,425.4,448.8,206595,92719836
DNP.WA,2025-02-04,450,457.5,443.2,449.9,92723,41716077.7
DNP.WA,2025-02-05,451.1,458,449.1,456.7,158289,72290586.3
DNP.WA,2025-02-06,460,461.4,451,454.6,149365,67901329
DNP.WA,2025-02-07,455.2,460,453,459.3,118446,54402247.8
DNP.WA,2025-02-10,458,462.9,454.2,460.9,125168,57689931.2
DNP.WA,2025-02-11,460,465.3,458.4,465,187023,86965695
DNP.WA,2025-02-12,465.8,471.1,462.5,469,165257,77505533
DNP.WA,2025-02-13,468,473.3,464.4,473.3,168698,79844763.4
DNP.WA,2025-02-14,473,483.4,470,472.9,290421,137340090.9
DNP.WA,2025-02-17,472.9,478.1,468.2,476,155122,73838072
DNP.WA,2025-02-18,473.6,498,473.6,494.4,276794,136846953.6
DNP.WA,2025-02-19,494,495.3,480.5,484,561964,271990576
DNP.WA,2025-02-20,485,487,477.1,481.1,659747,317404281.7
DNP.WA,2025-02-21,481.1,487.4,481.1,485.1,202839,98397198.9
DNP.WA,2025-02-24,483.6,484.7,471,475,272311,129347725
DNP.WA,2025-02-25,475,481,471.1,476.3,132275,63002582.5
DNP.WA,2025-02-26,481.1,485,478,480.7,231529,111295990.3
DNP.WA,2025-02-27,478,480,471.4,472.8,209385,98997228
DNP.WA,2025-02-28,472.8,503.4,472.7,495.6,1105140,547707384
DNP.WA,2025-03-03,490.4,500.6,484.1,500,357986,178993000
DNP.WA,2025-03-04,498.5,498.5,486.2,488.1,196472,95897983.2
DNP.WA,2025-03-05,489,490.8,482.4,488.2,266809,130256153.8
DNP.WA,2025-03-06,486.3,489.5,483.9,485.1,235461,114222131.1
DNP.WA,2025-03-07,484.9,487.5,476.5,483.8,162802,78763607.6
DNP.WA,2025-03-10,476.9,483.9,464.8,469,329785,154669165
DNP.WA,2025-03-11,466.5,473.9,463.6,467.2,196193,91661369.6
DNP.WA,2025-03-12,466.3,476.5,466,475,137288,65211800
DNP.WA,2025-03-13,475,480.7,475,478.8,190153,91045256.4
DNP.WA,2025-03-14,477.9,484.9,476,483,189161,91364763
DNP.WA,2025-03-17,483,486.2,481.2,485.6,152674,74138494.4
DNP.WA,2025-03-18,486.2,495,485,491.1,181913,89337474.3
DNP.WA,2025-03-19,488.7,492.2,485.7,488.2,146689,71613569.8
DNP.WA,2025-03-20,490,491.1,462.5,466.1,527795,246005249.5
DNP.WA,2025-03-21,466.1,466.9,454.3,458.9,793159,363980665.1
DNP.WA,2025-03-24,459.4,462.6,455.6,461.3,267600,123443880
DNP.WA,2025-03-25,456,460,448.6,455.8,265624,121071419.2
DNP.WA,2025-03-26,453.1,455,442.5,445.2,334416,148882003.2
DNP.WA,2025-03-27,441,459.7,440.7,457.2,474796,217076731.2
DNP.WA,2025-03-28,449,463.9,448.8,456,158098,72092688
DNP.WA,2025-03-31,452,458.4,446.7,451.4,291458,131564141.2
DNP.WA,2025-04-01,453,460.6,451.2,455.1,112690,51285219
DNP.WA,2025-04-02,455,463.3,453,461.6,222328,102626604.8
DNP.WA,2025-04-03,456,461.4,445.2,454.4,305734,138925529.6
DNP.WA,2025-04-04,451,472.3,442.9,447.7,605042,270877303.4
DNP.WA,2025-04-07,431.4,449.6,419.6,439.7,383670,168699699
DNP.WA,2025-04-08,439.1,453.6,430.7,452,265822,120151544
DNP.WA,2025-04-09,442,459.3,441.8,453.4,348831,158159975.4
DNP.WA,2025-04-10,475,477,461.5,467.9,315768,147747847.2
DNP.WA,2025-04-11,467,471.9,461.2,466,143076,66673416
DNP.WA,2025-04-14,471.7,487.7,466,486.8,305580,148756344
DNP.WA,2025-04-15,487.9,492.4,481.8,488,219598,107163824
DNP.WA,2025-04-16,488,494.5,485.9,492.5,259930,128015525
DNP.WA,2025-04-17,492.5,511.4,492.5,508.2,313306,159222109.2
DNP.WA,2025-04-22,508.2,527.8,508,519.8,320538,166615652.4
DNP.WA,2025-04-23,525,528.8,517.2,520,359483,186931160
DNP.WA,2025-04-24,518,522.8,507.4,522.6,286953,149961637.8
DNP.WA,2025-04-25,520,530.8,520,530.6,206464,109549798.4
DNP.WA,2025-04-28,532,542.2,531.2,533.4,251076,133923938.4
DNP.WA,2025-04-29,533.4,543.2,533.4,536.4,271400,145578960
DNP.WA,2025-04-30,533.4,541.8,524.4,528.8,311463,164701634.4
DNP.WA,2025-05-02,534.8,541.2,529.6,537.2,335898,180444405.6
DNP.WA,2025-05-05,537,539,527.4,537.2,138031,74150253.2
DNP.WA,2025-05-06,537,537,527.2,534.8,182913,97821872.4
DNP.WA,2025-05-07,537,544,533.2,537.8,201416,108321524.8
DNP.WA,2025-05-08,545.4,560,543,556.2,542763,301884780.6
DNP.WA,2025-05-09,557.2,560.8,547.4,549.2,173581,95330685.2
DNP.WA,2025-05-12,555,562,549.8,549.8,111084,61073983.2
DNP.WA,2025-05-13,550,554,544.4,549.8,101551,55832739.8
DNP.WA,2025-05-14,554,558.8,542,550.8,173040,95310432.0
DNP.WA,2025-05-15,550.4,556,545.6,555.6,189607,105345649.2
DNP.WA,2025-05-16,555,555.4,514,520.2,626327,325815305.4
DNP.WA,2025-05-19,523.8,534.4,514,532.4,280137,149144938.8
DNP.WA,2025-05-20,533,537,528.2,533.8,157900,84287020
DNP.WA,2025-05-21,535,537.6,522.8,527.2,119533,63017797.6
DNP.WA,2025-05-22,525.8,527.4,520,527.4,130963,69069886.2
DNP.WA,2025-05-23,524.8,532.2,515,527.2,82762,43632126.4
DNP.WA,2025-05-26,527.2,546,525,544.8,110053,59956874.4
DNP.WA,2025-05-27,541,553.4,538.4,551,109999,60609449
DNP.WA,2025-05-28,554.8,558,549.8,553,189671,104888063
DNP.WA,2025-05-29,555.6,558,542.6,546,191030,104302380
DNP.WA,2025-05-30,542.6,551.6,533.4,549.6,318205,174885468
DNP.WA,2025-06-02,531.4,548,531.4,541,283032,153120312
DNP.WA,2025-06-03,544.4,546.2,530.8,542.2,165547,89759583.4
DNP.WA,2025-06-04,542.4,545,536.4,538.8,136758,73685210.4
DNP.WA,2025-06-05,538.6,550.2,520.2,524.2,280559,147069027.8
DNP.WA,2025-06-06,525,525.6,508.8,518,242621,125677678
DNP.WA,2025-06-09,520.2,528,513.6,520.8,89171,46440256.8
DNP.WA,2025-06-10,523.4,535,521.8,531.4,240379,127737400.6
DNP.WA,2025-06-11,533,533,512.2,524.6,157457,82601942.2
DNP.WA,2025-06-12,527,527,510.2,513.8,169597,87138938.6
DNP.WA,2025-06-13,502,510.4,500.2,507.6,191366,97137381.6
DNP.WA,2025-06-16,507.6,518.4,503,515,102955,53021825
DNP.WA,2025-06-17,516,516.2,500.6,506.4,161850,81960840
DNP.WA,2025-06-18,509.8,512.8,503.2,508,109631,55692548
DNP.WA,2025-06-20,511,512,505.2,510,214783,109539330
DNP.WA,2025-06-23,507.2,509,497.7,502.6,87357,43905628.2
DNP.WA,2025-06-24,506.6,511.2,504.6,505.6,139605,70584288
DNP.WA,2025-06-25,508.6,516,508.4,512.8,160802,82459265.6
DNP.WA,2025-06-26,512,519.4,510,515.6,109792,56608755.2
DNP.WA,2025-06-27,515.6,521.8,513.8,521.8,159229,83085692.2
DNP.WA,2025-06-30,525,530,521.4,526,147612,77643912
DNP.WA,2025-07-01,528.2,530.6,519.8,522,149619,78101118
DNP.WA,2025-07-02,516.2,518,504.6,505.8,166300,84114540
DNP.WA,2025-07-03,510,522,509.6,521.6,516661,269490377.6
DNP.WA,2025-07-04,519.4,523.6,512.4,522,121137,63233514
DNP.WA,2025-07-07,523,525.6,520.6,524.4,195849,102703215.6
DNP.WA,2025-07-08,524,530.2,523.4,527,518912,273466624
DNP.WA,2025-07-09,527.2,546,524.8,544,252112,137148928
DNP.WA,2025-07-10,544.6,545.4,527,527,151021,79588067
DNP.WA,2025-07-11,530,535.8,525.8,528,73736,38932608
DNP.WA,2025-07-14,528.2,533.6,522.2,531,83179,44168049
DNP.WA,2025-07-15,532.2,537.2,518.2,523,173865,90931395
DNP.WA,2025-07-16,524.4,528.6,504.2,504.2,167095,84249299
DNP.WA,2025-07-17,504.8,513.8,504.8,511.2,92171,47117815.2
DNP.WA,2025-07-18,514.2,523,507.6,509,192938,98205442
DNP.WA,2025-07-21,512.2,515,507.4,510.4,108962,55614204.8
DNP.WA,2025-07-22,512,512.4,500.2,502,110161,55300822
DNP.WA,2025-07-23,505,508,497,500.6,139212,69689527.2
DNP.WA,2025-07-24,500.6,504.8,496.5,499.9,241246,120598875.4
DNP.WA,2025-07-25,500,514.2,497,512,245212,125548544
DNP.WA,2025-07-28,513.4,520.6,493.3,493.3,348394,171862760.2
DNP.WA,2025-07-29,495,509,494,508,164687,83660996
DNP.WA,2025-07-30,504,504.4,497.3,502,136132,68338264
DNP.WA,2025-07-31,50.7,51.2,48.9,49.61,1678592,83274949.12
DNP.WA,2025-08-01,49.99,50.1,47.1,47.51,2734862,129933293.62
DNP.WA,2025-08-04,47.67,48.42,47.16,47.8,1721330,82279574
DNP.WA,2025-08-05,48,48.61,47.15,48.47,2045351,99138162.97
DNP.WA,2025-08-06,48.47,49.04,47.9,48.55,2140610,103926615.5
DNP.WA,2025-08-07,48.83,49.1,48,48.17,2232305,107530131.85
DNP.WA,2025-08-08,48.22,48.34,47.32,47.75,1695440,80957260
DNP.WA,2025-08-11,47.96,48.11,47.12,47.55,1743619,82909083.45
DNP.WA,2025-08-12,47.75,47.82,46.64,47.27,2023021,95628202.67
DNP.WA,2025-08-13,47.3,47.94,47,47.5,2720255,129212112.5
DNP.WA,2025-08-14,47,47.43,46.26,47.22,1887861,89144796.42
DNP.WA,2025-08-18,47.96,48.78,47.61,48.38,1988069,96182778.22
DNP.WA,2025-08-19,48.7,49,47.52,48.97,1620830,79372045.1
DNP.WA,2025-08-20,48.6,50.36,48.32,49.63,1932183,95894242.29
DNP.WA,2025-08-21,49.88,50.68,49.37,49.64,2506751,124435119.64
DNP.WA,2025-08-22,46.85,47.9,44.9,46,10579082,486637772
DNP.WA,2025-08-25,46.2,46.64,45.55,45.7,2453896,112143047.2
DNP.WA,2025-08-26,45.84,46.93,45.55,46.06,4174008,192254808.48
DNP.WA,2025-08-27,46.1,46.47,45.3,45.38,1300062,58996813.56
DNP.WA,2025-08-28,45.6,45.8,44.84,45.1,1432210,64592671
DNP.WA,2025-08-29,45.33,45.82,44.95,45.43,1820081,82686279.83
DNP.WA,2025-09-01,45.46,45.83,45.15,45.61,1138871,51943906.31
DNP.WA,2025-09-02,45.61,46,45.02,45.4,1949581,88510977.4
DNP.WA,2025-09-03,45.5,46.8,45.29,46.16,1487614,68668262.24
DNP.WA,2025-09-04,46.3,48.08,46.16,47.56,2048349,97419478.44
DNP.WA,2025-09-05,47.88,48.21,47.31,47.42,1290639,61202101.38
DNP.WA,2025-09-08,47.8,48.03,47.46,47.71,1105772,52756382.12
DNP.WA,2025-09-09,47.71,48,46.76,47,1236355,58108685
DNP.WA,2025-09-10,46.6,47.13,45.88,46.61,2121650,98890106.5
DNP.WA,2025-09-11,46.63,47,46.45,46.96,1363816,64044799.36
DNP.WA,2025-09-12,46.96,47.25,46.45,46.7,900766,42065772.2
DNP.WA,2025-09-15,46.71,47.17,46.51,47,1378374,64783578
DNP.WA,2025-09-16,47.13,47.27,45.7,45.8,1130709,51786472.2
DNP.WA,2025-09-17,46.03,46.49,45.87,46.22,1004219,46415002.18
DNP.WA,2025-09-18,46.18,47,45.86,46.31,1346677,62364611.87
DNP.WA,2025-09-19,46.38,46.66,45.63,45.77,1946917,89110391.09
DNP.WA,2025-09-22,45.75,46.38,45.1,46.38,2117002,98186552.76
DNP.WA,2025-09-23,46.4,46.78,46.02,46.03,956608,44032666.24
DNP.WA,2025-09-24,45.98,46.02,45.29,45.37,1474351,66891304.87
DNP.WA,2025-09-25,45.3,45.32,44.37,44.5,2121906,94424817
DNP.WA,2025-09-26,43.93,44.35,42.67,43.03,4951138,213047468.14
DNP.WA,2025-09-29,43.31,43.62,42.75,42.94,1872985,80425975.9
DNP.WA,2025-09-30,42.04,43.78,41.43,43.75,2858574,125062612.5
DNP.WA,2025-10-01,43.53,43.7,42.65,43.21,2078873,89828102.33
DNP.WA,2025-10-02,43.63,43.66,43.03,43.33,1715109,74315672.97
DNP.WA,2025-10-03,43.5,43.65,42.23,42.84,1954350,83724354
DNP.WA,2025-10-06,43.08,44.11,42.62,43.02,2392813,102938815.26
DNP.WA,2025-10-07,43.1,43.65,42.8,43.23,2055376,88853904.48
DNP.WA,2025-10-08,43.2,43.7,42.94,43.7,1532342,66963345.4
DNP.WA,2025-10-09,43.7,43.79,43,43.64,1614146,70441331.44
DNP.WA,2025-10-10,43.2,43.76,43.16,43.72,1218187,53259135.64
DNP.WA,2025-10-13,43.6,44.29,43.23,44.27,1258288,55704409.76
DNP.WA,2025-10-14,44.26,44.3,43.24,43.67,1357991,59303466.97
DNP.WA,2025-10-15,43.9,44.62,43.8,44.38,2079657,92295177.66
DNP.WA,2025-10-16,44.62,45.08,44.22,44.52,960763,42773168.76
DNP.WA,2025-10-17,44.4,45.16,43.54,44.97,1697611,76341566.67
DNP.WA,2025-10-20,45.2,45.64,45,45.42,1060647,48174586.74
DNP.WA,2025-10-21,45.6,45.8,45.2,45.43,756147,34351758.21
DNP.WA,2025-10-22,45.45,45.68,44.93,45.5,1920886,87400313
DNP.WA,2025-10-23,45.65,45.65,44.79,45.01,2264037,101904305.37
DNP.WA,2025-10-24,45.01,45.49,44.62,44.75,1490218,66687255.5
DNP.WA,2025-10-27,44.75,45.03,44.41,44.74,1265449,56616188.26
DNP.WA,2025-10-28,45,45.56,44.68,44.88,2079306,93319253.28
DNP.WA,2025-10-29,45.2,45.25,43.7,43.96,2160085,94957336.6
DNP.WA,2025-10-30,44.24,46.6,44.16,45.08,4221314,190296835.12
DNP.WA,2025-10-31,45.3,45.38,43.92,44.07,2905399,128040933.93
DNP.WA,2025-11-03,44.5,44.95,44,44.33,1991107,88265773.31
DNP.WA,2025-11-04,44.34,44.42,43.75,43.75,1925695,84249156.25
DNP.WA,2025-11-05,44,44.32,43.62,44.15,1627994,71875935.1
DNP.WA,2025-11-06,44.6,45.69,44.2,44.78,3141721,140686266.38
DNP.WA,2025-11-07,43.55,43.67,40.52,41.5,11417703,473834674.5
DNP.WA,2025-11-10,41.7,43,41.57,42.98,2358648,101374691.04
DNP.WA,2025-11-12,41.68,42.66,41.56,41.66,2788499,116168868.34
DNP.WA,2025-11-13,41.76,42.32,41.76,42.01,2136518,89755121.18
DNP.WA,2025-11-14,41.8,41.89,40.9,40.93,1650149,67540598.57
DNP.WA,2025-11-17,40.93,41.45,40.57,40.87,2317946,94734453.02
DNP.WA,2025-11-18,40.67,40.96,40,40.29,2305738,92898184.02
DNP.WA,2025-11-19,40.36,41.88,40.02,41.79,2817513,117743868.27
DNP.WA,2025-11-20,42.25,42.38,41.65,41.93,3114958,130610188.94
DNP.WA,2025-11-21,41.39,42.49,41.06,42.3,4151814,175621732.2
DNP.WA,2025-11-24,42.5,42.5,41.23,41.96,3685687,154651426.52
DNP.WA,2025-11-25,42.15,42.57,41.32,41.99,2696603,113230359.97
DNP.WA,2025-11-26,42.4,42.4,41.62,41.81,1515139,63347961.59
DNP.WA,2025-11-27,41.9,41.99,40.93,41.03,1662071,68194773.13
DNP.WA,2025-11-28,41.12,41.28,40.6,40.83,3870285,158023736.55
DNP.WA,2025-12-01,40.95,40.99,40.5,40.79,1565747,63866820.13
DNP.WA,2025-12-02,40.9,41,40.13,40.56,1258883,51060294.48
DNP.WA,2025-12-03,40.65,40.78,39.22,39.4,2794983,110122330.2
DNP.WA,2025-12-04,39.49,39.73,38.36,38.63,3673615,141911747.45
DNP.WA,2025-12-05,38.75,39.09,38.13,38.38,3227925,123887761.5
DNP.WA,2025-12-08,38.4,38.41,37.95,38.14,1850678,70584858.92
DNP.WA,2025-12-09,38.4,39.78,38.19,39.5,3729734,147324493
DNP.WA,2025-12-10,39.74,40.32,38.9,40.25,4080841,164253850.25
DNP.WA,2025-12-11,40.5,40.56,39.52,39.66,1859395,73743605.7
DNP.WA,2025-12-12,39.9,40.19,39.5,40.1,1473828,59100502.8
DNP.WA,2025-12-15,39.95,41.2,39.87,40.91,2721465,111335133.15
DNP.WA,2025-12-16,41.09,41.09,40.2,40.36,1469775,59320119
DNP.WA,2025-12-17,40.4,40.8,40.13,40.5,1438179,58246249.5
DNP.WA,2025-12-18,40.65,40.98,40.27,40.79,1713285,69884895.15
DNP.WA,2025-12-19,40.79,41.3,40.52,40.55,4459864,180847485.2
DNP.WA,2025-12-22,40.81,41.31,40.2,40.79,1953687,79690892.73
DNP.WA,2025-12-23,40.94,41.1,40.5,40.95,1457378,59679629.1
DNP.WA,2025-12-29,40.96,41.5,40.68,41.35,1331228,55046277.8
DNP.WA,2025-12-30,41.5,41.75,40.98,41.35,1312696,54279979.6
DNP.WA,2026-01-02,41.63,42.1,40.7,41,2614967,107213647
DNP.WA,2026-01-05,41.38,41.41,40.78,41.09,3176439,130519878.51
DNP.WA,2026-01-07,41.09,42.52,40.96,42.37,3505339,148521213.43
DNP.WA,2026-01-08,42.66,42.67,40.36,41.44,6583648,272826373.12
DNP.WA,2026-01-09,41.46,42.22,41.06,42.2,2825857,119251165.4
DNP.WA,2026-01-12,42.2,42.34,41.45,41.99,1651572,69349508.28
DNP.WA,2026-01-13,41.99,42.36,41.83,42.18,2636635,111213264.3
DNP.WA,2026-01-14,42,42.17,39.4,40.1,8277283,331919048.3
DNP.WA,2026-01-15,40.31,40.92,40.1,40.59,3469957,140845554.63
DNP.WA,2026-01-16,40.79,41.06,40.2,40.53,3855111,156247648.83
DNP.WA,2026-01-19,40.35,40.59,40.15,40.46,2530962,102402722.52
DNP.WA,2026-01-20,40.5,40.65,40,40.11,2416494,96925574.34
DNP.WA,2026-01-21,40.2,40.29,39.3,39.69,3668855,145616854.95
DNP.WA,2026-01-22,39.86,40.3,39.7,40.25,2488634,100167518.5
DNP.WA,2026-01-23,40,40.12,38.4,38.59,6021057,232352589.63
DNP.WA,2026-01-26,38.9,39.25,38.46,38.9,3638178,141525124.2
DNP.WA,2026-01-27,39,39.01,37.95,38.19,3637413,138912802.47
DNP.WA,2026-01-28,38.2,38.8,38.06,38.73,1833227,71000881.71
DNP.WA,2026-01-29,38.83,38.83,37.82,37.82,2172417,82160810.94
DNP.WA,2026-01-30,37.84,38.2,37.5,37.57,3340377,125497963.89
DNP.WA,2026-02-02,37.55,37.7,37.1,37.62,3084262,116029936.44
DNP.WA,2026-02-03,37.82,38.04,37.5,37.99,4457662,169346579.38
DNP.WA,2026-02-04,38.71,39.81,38.42,39.81,5437425,216463889.25
DNP.WA,2026-02-05,39.8,39.82,38.27,38.55,3174187,122364908.85
DNP.WA,2026-02-06,38.6,39.19,38.26,39.19,1868831,73239486.89
DNP.WA,2026-02-09,39.49,39.59,39,39.22,1243329,48763363.38
DNP.WA,2026-02-10,39.32,39.42,37.9,38.5,2140770,82419645
DNP.WA,2026-02-11,38.5,39.1,37.9,38.7,1776771,68761037.7
DNP.WA,2026-02-12,38.7,38.74,37.88,38.15,2212501,84406913.15
DNP.WA,2026-02-13,38.14,39.5,37.9,39.5,3155256,124632612
DNP.WA,2026-02-16,39.5,39.92,39.14,39.82,1691858,67369785.56
DNP.WA,2026-02-17,39.1,40.16,39.02,39.77,3085511,122710772.47
DNP.WA,2026-02-18,39.78,40.07,39.32,39.84,998899,39796136.16
DNP.WA,2026-02-19,39.84,39.85,39.15,39.31,1301460,51160392.6
DNP.WA,2026-02-20,39.4,40.01,39.2,39.79,2109693,83944684.47
DNP.WA,2026-02-23,39.89,41.48,39.71,41.42,4030527,166944428.34
DNP.WA,2026-02-24,41.5,41.53,40.54,41.33,2846843,117660021.19
DNP.WA,2026-02-25,41.33,41.37,40.27,40.47,1896571,76754228.37
DNP.WA,2026-02-26,40.45,40.47,39.88,40.26,1639918,66023095.93
DNP.WA,2026-02-27,40.4,40.95,40.13,40.2,3734731,150136186.2
DNP.WA,2026-03-02,40,40.2,39.1,40.2,2199864,88434532.8
DNP.WA,2026-03-03,40.21,40.27,39.06,39.34,2249260,88485888.4
DNP.WA,2026-03-04,39.6,40.07,39.51,39.75,1621433,64451961.75
DNP.WA,2026-03-05,39.76,40.48,39.6,39.6,3588939,142121984.4
DNP.WA,2026-03-06,39.8,40.4,39.61,39.87,3480522,138768412.14
DNP.WA,2026-03-09,39.5,41.36,39.26,41.2,4105045,169127854
DNP.WA,2026-03-10,41.31,41.9,41.18,41.27,2733520,112812370.4
DNP.WA,2026-03-11,41.27,41.28,40.07,40.15,2051376,82362746.4
DNP.WA,2026-03-12,40.15,41.48,39.87,41.42,2762983,114442755.86
DNP.WA,2026-03-13,41.4,41.85,40.99,41.19,2544053,104789543.07
DNP.WA,2026-03-16,41.18,42,41.07,41.46,3262406,135259352.76
DNP.WA,2026-03-17,41.46,41.78,41.21,41.42,2752949,114027147.58
DNP.WA,2026-03-18,41.42,41.79,40.91,41.1,2808060,115411266
DNP.WA,2026-03-19,41,41.08,38.08,38.5,7497825,288666262.5
DNP.WA,2026-03-20,38.9,39.43,38.6,38.85,4848983,188382989.55
